"","x"
"SL.mean_screen.glmnet3",0
"SL.rpart_screen.glmnet3",0
"SL.mean_All",0
"SL.mean_screen.glmnet_nVar",0
"SL.mean_screen.cramersv_grid4",0
"SL.mean_screen.corPearson",0
"SL.rpart_screen.glmnet_nVar",0.002
"SL.nnet_screen.glmnet_nVar",0.002
"SL.nnet_All",0.002
"SL.glm_screen.cramersv_grid4",0.003
"SL.glm_screen.corPearson",0.006
"SL.bayesglm_screen.corPearson",0.01
"SL.xgboost_screen.cramersv_grid4",0.014
"SL.bayesglm_screen.cramersv_grid4",0.019
"SL.rpart_screen.corPearson",0.02
"SL.gam2_screen.cramersv_grid4",0.02
"SL.nnet_screen.cramersv_grid4",0.022
"SL.xgboost_screen.glmnet_nVar",0.023
"SL.glm.interaction_info_screen.cramersv_grid4",0.024
"SL.randomForest_grid500_screen.glmnet_nVar",0.024
"SL.glm_screen.glmnet_nVar",0.025
"SL.gam2_screen.corPearson",0.026
"SL.randomForest_grid500_screen.cramersv_grid4",0.028
"SL.earth2_screen.cramersv_grid4",0.031
"SL.glm.interaction_info_screen.glmnet3",0.035
"SL.randomForest_grid500_All",0.035
"SL.bayesglm_screen.glmnet_nVar",0.036
"SL.bayesglm_screen.glmnet3",0.041
"SL.glm_All",0.045
"SL.earth2_All",0.05
"SL.glm_screen.glmnet3",0.051
"SL.xgboost_All",0.056
"SL.gam2_screen.glmnet_nVar",0.063
"SL.bayesglm_All",0.064
"SL.earth2_screen.glmnet_nVar",0.064
"SL.rpart_screen.cramersv_grid4",0.067
"SL.gam2_screen.glmnet3",0.092
